img1,img2,label
vehicle-detection-0202/16524295792582636.png,vehicle-detection-0202/1652429579649117.png,1
vehicle-detection-0202/1652429506854184.png,vehicle-detection-0202/16524295064701023.png,1
vehicle-detection-0202/16524294751876688.png,vehicle-detection-0202/16524294755187986.png,1
XenseDataset_1_0/1651503336817996.png,XenseDataset_1_0/1651503353564217.png,1
vehicle-detection-0202/16524294460988498.png,vehicle-detection-0202/16524294467985437.png,1
vehicle-detection-0202/16524295500951378.png,vehicle-detection-0202/165242955044652.png,1
vehicle-detection-0202/16524294759256206.png,vehicle-detection-0202/16524294755152297.png,1
vehicle-detection-0202/16524295285767143.png,vehicle-detection-0202/16524295289451492.png,1
vehicle-detection-0202/1652429452297005.png,vehicle-detection-0202/1652429452660947.png,1
XenseDataset_1_0/1651503343419019.png,XenseDataset_1_0/165150334306033.png,1
vehicle-detection-0202/16524294133462005.png,person-vehicle-bike-detection-2002/16523646623414252.png,1
XenseDataset_1_0/1651502700227543.png,XenseDataset_1_0/1651502700955542.png,1
XenseDataset_1_0/1651503342464041.png,XenseDataset_1_0/1651503347849149.png,1
vehicle-detection-0202/16524294105661063.png,person-vehicle-bike-detection-2002/16523646597074077.png,1
vehicle-detection-0202/16524294091552346.png,vehicle-detection-0202/16524294095035143.png,1
XenseDataset_1_0/1651503271189031.png,XenseDataset_1_0/16515032710699468.png,1
vehicle-detection-0202/16524294439623218.png,vehicle-detection-0202/16524294436125517.png,1
vehicle-detection-0202/16524295898137853.png,vehicle-detection-0202/16524295894828367.png,1
vehicle-detection-0202/16524295799714987.png,vehicle-detection-0202/1652429579663003.png,1
vehicle-detection-0202/16524295497122371.png,vehicle-detection-0202/16524295493067045.png,1
vehicle-detection-0202/16524294819916775.png,vehicle-detection-0202/1652429481653499.png,1
vehicle-detection-0202/16524295326016917.png,vehicle-detection-0202/16524295329382858.png,1
vehicle-detection-0202/1652429597197374.png,person-vehicle-bike-detection-2002/165236484661617.png,1
vehicle-detection-0202/16524296003676875.png,vehicle-detection-0202/16524296000214522.png,1
XenseDataset_1_0/1651502700955542.png,XenseDataset_1_0/1651502700227543.png,1
person-vehicle-bike-detection-2002/16523648796278033.png,person-vehicle-bike-detection-2002/1652364879996552.png,1
XenseDataset_1_0/1651503336817996.png,XenseDataset_1_0/1651503353443446.png,1
vehicle-detection-0202/16524294341206372.png,person-vehicle-bike-detection-2002/1652364683086643.png,1
XenseDataset_1_0/16515033706033.png,XenseDataset_1_0/1651503353443446.png,1
vehicle-detection-0202/16524294123393974.png,vehicle-detection-0202/16524294120095737.png,1
vehicle-detection-0202/16524295533599093.png,vehicle-detection-0202/16524295536862361.png,1
vehicle-detection-0202/16524294490370696.png,person-vehicle-bike-detection-2002/1652364698091307.png,1
vehicle-detection-0202/16524295493034186.png,vehicle-detection-0202/16524295497018356.png,1
vehicle-detection-0202/16524294375176904.png,vehicle-detection-0202/16524294371721523.png,1
vehicle-detection-0202/1652429571802468.png,vehicle-detection-0202/16524295714556336.png,1
XenseDataset_1_0/1651502700228568.png,XenseDataset_1_0/1651502783296853.png,1
vehicle-detection-0202/16524294285436027.png,vehicle-detection-0202/16524294281857936.png,1
XenseDataset_1_0/1651501779905303.png,XenseDataset_1_0/16515024172416909.png,1
vehicle-detection-0202/1652429572562393.png,vehicle-detection-0202/1652429572933155.png,1
vehicle-detection-0202/16524295149827485.png,vehicle-detection-0202/1652429514987723.png,1
XenseDataset_1_0/1651502700228568.png,XenseDataset_1_0/16515033366980338.png,1
vehicle-detection-0202/16524294285941668.png,vehicle-detection-0202/1652429428936313.png,1
vehicle-detection-0202/16524294725056224.png,vehicle-detection-0202/16524294728596132.png,1
vehicle-detection-0202/16524295972004452.png,vehicle-detection-0202/1652429597555907.png,1
vehicle-detection-0202/16524295722022357.png,vehicle-detection-0202/1652429572933155.png,1
person-vehicle-bike-detection-2002/1652365052264016.png,person-vehicle-bike-detection-2002/1652365052629327.png,1
vehicle-detection-0202/16524295744102676.png,vehicle-detection-0202/1652429574077171.png,1
vehicle-detection-0202/1652429497960467.png,vehicle-detection-0202/165242949760306.png,1
vehicle-detection-0202/1652429586317042.png,vehicle-detection-0202/16524295866618748.png,1
XenseDataset_1_0/16515032713099258.png,XenseDataset_1_0/1651503271551444.png,1
vehicle-detection-0202/16524295005382051.png,vehicle-detection-0202/16524295001814554.png,1
XenseDataset_1_0/1651503342464041.png,XenseDataset_1_0/1651503353564217.png,1
XenseDataset_1_0/1651502416306307.png,XenseDataset_1_0/16515024140885398.png,1
vehicle-detection-0202/16524295960697567.png,vehicle-detection-0202/16524295964002085.png,1
vehicle-detection-0202/16524295358997884.png,vehicle-detection-0202/16524295355414822.png,1
vehicle-detection-0202/16524295625445526.png,vehicle-detection-0202/16524295628969378.png,1
vehicle-detection-0202/16524295975611732.png,person-vehicle-bike-detection-2002/16523648462094815.png,1
vehicle-detection-0202/16524294432222545.png,person-vehicle-bike-detection-2002/16523646920975714.png,1
vehicle-detection-0202/16524295164975798.png,vehicle-detection-0202/1652429516494957.png,1
vehicle-detection-0202/16524294901017857.png,vehicle-detection-0202/16524294904431949.png,1
vehicle-detection-0202/16524294901037693.png,vehicle-detection-0202/16524294907824073.png,1
vehicle-detection-0202/16524294151234915.png,person-vehicle-bike-detection-2002/165236466420217.png,1
vehicle-detection-0202/16524296017628584.png,vehicle-detection-0202/1652429601431943.png,1
vehicle-detection-0202/16524294842079122.png,vehicle-detection-0202/16524294845758784.png,1
XenseDataset_1_0/1651503342464041.png,XenseDataset_1_0/1651502783296853.png,1
person-vehicle-bike-detection-2002/1652364828600138.png,person-vehicle-bike-detection-2002/16523648289584424.png,1
vehicle-detection-0202/16524294224961972.png,vehicle-detection-0202/16524294221593177.png,1
vehicle-detection-0202/16524294685909953.png,vehicle-detection-0202/16524294682432835.png,1
XenseDataset_1_0/165150334675982.png,XenseDataset_1_0/1651503346882124.png,1
vehicle-detection-0202/16524294050079513.png,vehicle-detection-0202/16524294053507211.png,1
XenseDataset_1_0/1651503359445948.png,XenseDataset_1_0/1651503359565637.png,1
vehicle-detection-0202/1652429410906246.png,vehicle-detection-0202/16524294105661063.png,1
vehicle-detection-0202/16524296007132173.png,vehicle-detection-0202/16524296003779557.png,1
XenseDataset_1_0/16515024140885398.png,XenseDataset_1_0/165150177138957.png,1
XenseDataset_1_0/1651503342464041.png,XenseDataset_1_0/1651503353443446.png,1
XenseDataset_1_0/1651501718698386.png,XenseDataset_1_0/165150177138957.png,1
person-vehicle-bike-detection-2002/16523646600599194.png,person-vehicle-bike-detection-2002/16523646604170065.png,1
vehicle-detection-0202/16524295064615498.png,vehicle-detection-0202/1652429506106702.png,1
vehicle-detection-0202/16524294241931455.png,vehicle-detection-0202/16524294245444896.png,1
XenseDataset_1_0/16515017308312168.png,XenseDataset_1_0/1651501731476372.png,1
vehicle-detection-0202/16524294483189623.png,vehicle-detection-0202/16524294486562133.png,1
vehicle-detection-0202/1652429548936474.png,vehicle-detection-0202/16524295485929308.png,1
vehicle-detection-0202/16524295558277307.png,vehicle-detection-0202/16524295554985068.png,1
vehicle-detection-0202/1652429589463685.png,vehicle-detection-0202/1652429589115165.png,1
person-vehicle-bike-detection-2002/1652364801493934.png,person-vehicle-bike-detection-2002/16523648010889091.png,1
vehicle-detection-0202/16524295337588053.png,vehicle-detection-0202/16524295334055932.png,1
vehicle-detection-0202/1652429572933155.png,vehicle-detection-0202/1652429572562393.png,1
vehicle-detection-0202/16524295891194448.png,vehicle-detection-0202/1652429589115165.png,1
vehicle-detection-0202/16524295714313052.png,vehicle-detection-0202/16524295710837762.png,1
vehicle-detection-0202/1652429579663003.png,vehicle-detection-0202/16524295799714987.png,1
vehicle-detection-0202/16524295064719849.png,vehicle-detection-0202/1652429506844242.png,1
vehicle-detection-0202/16524294186247878.png,vehicle-detection-0202/1652429418296192.png,1
vehicle-detection-0202/16524294102257862.png,vehicle-detection-0202/16524294105591502.png,1
XenseDataset_1_0/1651502700349343.png,XenseDataset_1_0/1651502783296853.png,1
vehicle-detection-0202/16524295005462537.png,vehicle-detection-0202/16524295001774213.png,1
XenseDataset_1_0/1651501731476372.png,XenseDataset_1_0/1651502422194933.png,1
vehicle-detection-0202/1652429417921853.png,person-vehicle-bike-detection-2002/16523646661108649.png,1
vehicle-detection-0202/16524295300023713.png,vehicle-detection-0202/1652429530379314.png,1
XenseDataset_1_0/1651501798106059.png,XenseDataset_1_0/1651501710795937.png,1
vehicle-detection-0202/16524296000214522.png,vehicle-detection-0202/16524296003676875.png,1
vehicle-detection-0202/16524295945282788.png,vehicle-detection-0202/16524295948844476.png,1
XenseDataset_1_0/1651503359445948.png,XenseDataset_1_0/1651503359688247.png,1
XenseDataset_1_0/1651503353443446.png,XenseDataset_1_0/1651503347849149.png,1
vehicle-detection-0202/16524294608430896.png,vehicle-detection-0202/16524294604982882.png,1
XenseDataset_1_0/16515017297749372.png,XenseDataset_1_0/16515017853214452.png,1
vehicle-detection-0202/1652429447604792.png,person-vehicle-bike-detection-2002/16523646965727153.png,1
person-vehicle-bike-detection-2002/16523648007590106.png,person-vehicle-bike-detection-2002/16523648003188267.png,1
vehicle-detection-0202/16524295064701023.png,vehicle-detection-0202/1652429506854184.png,1
vehicle-detection-0202/16524294130106616.png,vehicle-detection-0202/16524294133462005.png,1
XenseDataset_1_0/1651502700228568.png,XenseDataset_1_0/1651503353443446.png,1
vehicle-detection-0202/16524294467985437.png,vehicle-detection-0202/16524294464517612.png,1
XenseDataset_1_0/1651501717005232.png,XenseDataset_1_0/165150177280807.png,1
vehicle-detection-0202/16524295905634792.png,vehicle-detection-0202/16524295908949795.png,1
vehicle-detection-0202/1652429488119561.png,vehicle-detection-0202/16524294884632108.png,1
vehicle-detection-0202/16524295536862361.png,vehicle-detection-0202/16524295533599093.png,1
vehicle-detection-0202/16524294816459718.png,vehicle-detection-0202/1652429481285125.png,1
XenseDataset_1_0/1651503338994132.png,XenseDataset_1_0/1651503338872294.png,1
XenseDataset_1_0/1651501769066886.png,XenseDataset_1_0/16515017093567622.png,1
XenseDataset_1_0/1651503346882124.png,XenseDataset_1_0/16515033468801868.png,1
vehicle-detection-0202/16524295625388055.png,vehicle-detection-0202/1652429562212611.png,1
vehicle-detection-0202/16524294884678726.png,vehicle-detection-0202/16524294881143749.png,1
person-vehicle-bike-detection-2002/1652364976771535.png,person-vehicle-bike-detection-2002/16523649764161072.png,1
vehicle-detection-0202/16524295682386172.png,vehicle-detection-0202/16524295685852263.png,1
vehicle-detection-0202/16524295211202447.png,vehicle-detection-0202/1652429521508672.png,1
XenseDataset_1_0/1651503359565637.png,XenseDataset_1_0/1651503359445948.png,1
vehicle-detection-0202/16524294364885519.png,person-vehicle-bike-detection-2002/16523646858014667.png,1
vehicle-detection-0202/16524294921714637.png,vehicle-detection-0202/16524294925419683.png,1
vehicle-detection-0202/1652429602202836.png,vehicle-detection-0202/16524296025856266.png,1
XenseDataset_1_0/1651503359445948.png,XenseDataset_1_0/1651503359808463.png,1
vehicle-detection-0202/16524296036265428.png,vehicle-detection-0202/16524296032839887.png,1
person-vehicle-bike-detection-2002/16523651091840901.png,person-vehicle-bike-detection-2002/1652365109521686.png,1
XenseDataset_1_0/1651503341501912.png,XenseDataset_1_0/1651503341262936.png,1
person-vehicle-bike-detection-2002/16523646728620174.png,person-vehicle-bike-detection-2002/16523646724335105.png,1
vehicle-detection-0202/16524294353466692.png,vehicle-detection-0202/16524294350054612.png,1
vehicle-detection-0202/16524295760157804.png,vehicle-detection-0202/16524295763657749.png,1
person-vehicle-bike-detection-2002/16523651091863914.png,person-vehicle-bike-detection-2002/1652365109531004.png,1
vehicle-detection-0202/16524294501443005.png,vehicle-detection-0202/165242945051646.png,1
XenseDataset_1_0/16515032710699468.png,XenseDataset_1_0/16515032713099258.png,1
XenseDataset_1_0/1651502420802355.png,XenseDataset_1_0/1651502417086415.png,1
XenseDataset_1_0/1651501718698386.png,XenseDataset_1_0/16515017446478841.png,1
vehicle-detection-0202/16524294309667702.png,vehicle-detection-0202/16524294306292944.png,1
vehicle-detection-0202/16524294137049723.png,vehicle-detection-0202/16524294133699439.png,1
XenseDataset_1_0/1651503336817996.png,XenseDataset_1_0/1651503342464041.png,1
XenseDataset_1_0/165150242156966.png,XenseDataset_1_0/16515017093567622.png,1
XenseDataset_1_0/1651503271189031.png,XenseDataset_1_0/1651503271551444.png,1
vehicle-detection-0202/16524295168502126.png,vehicle-detection-0202/1652429516494957.png,1
vehicle-detection-0202/1652429459404993.png,vehicle-detection-0202/16524294597524621.png,1
XenseDataset_1_0/1651502700471004.png,XenseDataset_1_0/1651502700955542.png,1
XenseDataset_1_0/16515033366980338.png,XenseDataset_1_0/1651503336817996.png,1
vehicle-detection-0202/16524295482417817.png,vehicle-detection-0202/1652429548936474.png,1
vehicle-detection-0202/16524295678660803.png,vehicle-detection-0202/16524295675301957.png,1
vehicle-detection-0202/16524294734258718.png,vehicle-detection-0202/16524294737724326.png,1
XenseDataset_1_0/165150334675982.png,XenseDataset_1_0/16515033468801868.png,1
vehicle-detection-0202/16524294937761743.png,vehicle-detection-0202/16524294934324188.png,1
XenseDataset_1_0/16515033706033.png,XenseDataset_1_0/16515033366980338.png,1
vehicle-detection-0202/16524294597524621.png,vehicle-detection-0202/1652429459404993.png,1
XenseDataset_1_0/1651502783296853.png,XenseDataset_1_0/1651503347849149.png,1
person-vehicle-bike-detection-2002/16523648466566417.png,person-vehicle-bike-detection-2002/165236484661617.png,1
vehicle-detection-0202/16524294224996417.png,vehicle-detection-0202/16524294228359778.png,1
vehicle-detection-0202/16524295038047373.png,vehicle-detection-0202/16524295034443924.png,1
vehicle-detection-0202/16524294341206372.png,vehicle-detection-0202/16524294345667768.png,1
XenseDataset_1_0/1651501715406207.png,XenseDataset_1_0/165150179901684.png,1
XenseDataset_1_0/16515033706033.png,XenseDataset_1_0/1651502783296853.png,1
vehicle-detection-0202/16524294345667768.png,person-vehicle-bike-detection-2002/1652364683086643.png,1
person-vehicle-bike-detection-2002/16523648947722921.png,person-vehicle-bike-detection-2002/16523648944384637.png,1
vehicle-detection-0202/16524295093066134.png,vehicle-detection-0202/16524295096974394.png,1
vehicle-detection-0202/16524295956882734.png,vehicle-detection-0202/16524295953092036.png,1
person-vehicle-bike-detection-2002/16523649475160623.png,person-vehicle-bike-detection-2002/16523649471894805.png,1
XenseDataset_1_0/1651503336817996.png,XenseDataset_1_0/1651502783296853.png,1
XenseDataset_1_0/1651503353564217.png,XenseDataset_1_0/1651502700228568.png,1
vehicle-detection-0202/16524295460498407.png,vehicle-detection-0202/16524295464254923.png,1
vehicle-detection-0202/16524294019317172.png,vehicle-detection-0202/1652429401630056.png,1
XenseDataset_1_0/1651503338751405.png,XenseDataset_1_0/1651503338872294.png,1
vehicle-detection-0202/16524295883851333.png,vehicle-detection-0202/16524295880431967.png,1
vehicle-detection-0202/16524296039682221.png,vehicle-detection-0202/16524296036265428.png,1
vehicle-detection-0202/16524294925419683.png,vehicle-detection-0202/16524294921714637.png,1
XenseDataset_1_0/1651501717005232.png,XenseDataset_1_0/165150179901684.png,1
vehicle-detection-0202/1652429490448334.png,vehicle-detection-0202/16524294901037693.png,1
vehicle-detection-0202/1652429516494957.png,vehicle-detection-0202/16524295168502126.png,1
XenseDataset_1_0/1651501798106059.png,XenseDataset_1_0/1651502416147428.png,1
vehicle-detection-0202/1652429490448334.png,vehicle-detection-0202/16524294907824073.png,1
vehicle-detection-0202/16524295221856728.png,vehicle-detection-0202/16524295225739872.png,1
vehicle-detection-0202/16524295975611732.png,person-vehicle-bike-detection-2002/16523648466566417.png,1
XenseDataset_1_0/1651503342464041.png,XenseDataset_1_0/16515033366980338.png,1
vehicle-detection-0202/16524294565437284.png,vehicle-detection-0202/16524294561806362.png,1
XenseDataset_1_0/1651503359688247.png,XenseDataset_1_0/1651503359445948.png,1
XenseDataset_1_0/1651503341262936.png,XenseDataset_1_0/1651503341143927.png,1
vehicle-detection-0202/16524296043600137.png,vehicle-detection-0202/16524296047107277.png,1
vehicle-detection-0202/16524295754940078.png,vehicle-detection-0202/16524295751727383.png,1
vehicle-detection-0202/16524294241951983.png,vehicle-detection-0202/16524294245393205.png,1
vehicle-detection-0202/1652429414756916.png,vehicle-detection-0202/16524294144101734.png,1
person-vehicle-bike-detection-2002/16523649194991052.png,person-vehicle-bike-detection-2002/1652364919137294.png,1
XenseDataset_1_0/1651503271189031.png,XenseDataset_1_0/16515032713099258.png,1
vehicle-detection-0202/16524295478944294.png,vehicle-detection-0202/1652429547545425.png,1
XenseDataset_1_0/1651503335610139.png,XenseDataset_1_0/16515033358536918.png,1
vehicle-detection-0202/16524294703563664.png,vehicle-detection-0202/16524294707097719.png,1
vehicle-detection-0202/1652429459404993.png,vehicle-detection-0202/165242945907594.png,1
vehicle-detection-0202/16524295026482403.png,vehicle-detection-0202/16524295029909568.png,1
vehicle-detection-0202/16524295625429258.png,vehicle-detection-0202/16524295625445526.png,1
XenseDataset_1_0/1651501779905303.png,XenseDataset_1_0/16515017241883361.png,1
vehicle-detection-0202/16524294852635605.png,vehicle-detection-0202/16524294856543872.png,1
XenseDataset_1_0/1651502418496781.png,XenseDataset_1_0/1651502422194933.png,1
person-vehicle-bike-detection-2002/16523650335510983.png,person-vehicle-bike-detection-2002/16523650339466205.png,1
vehicle-detection-0202/16524294944974568.png,vehicle-detection-0202/1652429494838668.png,1
vehicle-detection-0202/165242958137647.png,vehicle-detection-0202/16524295810264702.png,1
vehicle-detection-0202/1652429443604406.png,person-vehicle-bike-detection-2002/16523646920975714.png,1
vehicle-detection-0202/16524294703607066.png,vehicle-detection-0202/16524294707004917.png,1
person-vehicle-bike-detection-2002/16523646882293415.png,person-vehicle-bike-detection-2002/16523646885853646.png,1
XenseDataset_1_0/1651501710795937.png,XenseDataset_1_0/16515017093567622.png,1
XenseDataset_1_0/1651503344263257.png,XenseDataset_1_0/165150334414547.png,1
vehicle-detection-0202/16524294501491032.png,vehicle-detection-0202/1652429450511023.png,1
XenseDataset_1_0/1651503353564217.png,XenseDataset_1_0/1651502700349343.png,1
vehicle-detection-0202/16524294893223176.png,vehicle-detection-0202/16524294896697395.png,1
XenseDataset_1_0/16515032713099258.png,XenseDataset_1_0/16515032710699468.png,1
XenseDataset_1_0/1651503342464041.png,XenseDataset_1_0/16515033706033.png,1
vehicle-detection-0202/16524294446669476.png,vehicle-detection-0202/1652429444327691.png,1
vehicle-detection-0202/16524294098630214.png,vehicle-detection-0202/16524294095125434.png,1
vehicle-detection-0202/16524294798243792.png,vehicle-detection-0202/16524294794917061.png,1
XenseDataset_1_0/1651503346882124.png,XenseDataset_1_0/1651503346519522.png,1
vehicle-detection-0202/16524295307358685.png,vehicle-detection-0202/16524295304072187.png,1
vehicle-detection-0202/16524295590206144.png,vehicle-detection-0202/16524295593527915.png,1
vehicle-detection-0202/16524295418774006.png,vehicle-detection-0202/16524295414981241.png,1
vehicle-detection-0202/16524295844930136.png,vehicle-detection-0202/16524295848380582.png,1
XenseDataset_1_0/1651503353564217.png,XenseDataset_1_0/16515033706033.png,1
vehicle-detection-0202/16524295414944406.png,vehicle-detection-0202/16524295418610651.png,1
XenseDataset_1_0/16515033706033.png,XenseDataset_1_0/1651503347849149.png,1
vehicle-detection-0202/16524295132196338.png,vehicle-detection-0202/16524295135478082.png,1
vehicle-detection-0202/16524295348322985.png,vehicle-detection-0202/16524295344865904.png,1
vehicle-detection-0202/16524296050916588.png,vehicle-detection-0202/16524296054556346.png,1
person-vehicle-bike-detection-2002/16523649492499008.png,person-vehicle-bike-detection-2002/16523649492151985.png,1
vehicle-detection-0202/16524295891194448.png,vehicle-detection-0202/1652429589463685.png,1
vehicle-detection-0202/16524295558277307.png,vehicle-detection-0202/1652429555501458.png,1
vehicle-detection-0202/16524294415083542.png,vehicle-detection-0202/16524294411318781.png,1
XenseDataset_1_0/1651502783296853.png,XenseDataset_1_0/1651503353443446.png,1
person-vehicle-bike-detection-2002/16523651103283565.png,person-vehicle-bike-detection-2002/16523651107327373.png,1
vehicle-detection-0202/16524294036628048.png,vehicle-detection-0202/16524294039770203.png,1
vehicle-detection-0202/16524296032839887.png,vehicle-detection-0202/16524296039682221.png,1
XenseDataset_1_0/16515032710699468.png,XenseDataset_1_0/1651503271551444.png,1
vehicle-detection-0202/16524294323856883.png,vehicle-detection-0202/16524294320416625.png,1
vehicle-detection-0202/16524294755152297.png,vehicle-detection-0202/16524294759256206.png,1
vehicle-detection-0202/1652429548936474.png,vehicle-detection-0202/16524295482417817.png,1
vehicle-detection-0202/16524294904523294.png,vehicle-detection-0202/16524294900906603.png,1
XenseDataset_1_0/1651502418496781.png,XenseDataset_1_0/1651501731476372.png,1
XenseDataset_1_0/16515032714300642.png,XenseDataset_1_0/1651503271189031.png,1
vehicle-detection-0202/16524295763657749.png,vehicle-detection-0202/16524295760157804.png,1
vehicle-detection-0202/16524295204295688.png,vehicle-detection-0202/16524295200861745.png,1
person-vehicle-bike-detection-2002/16523647092417278.png,person-vehicle-bike-detection-2002/16523647095923393.png,1
vehicle-detection-0202/16524294983916788.png,vehicle-detection-0202/1652429498059253.png,1
XenseDataset_1_0/1651503271551444.png,XenseDataset_1_0/16515032710699468.png,1
vehicle-detection-0202/16524295414981241.png,vehicle-detection-0202/16524295418774006.png,1
vehicle-detection-0202/16524295767391036.png,vehicle-detection-0202/16524295760157804.png,1
vehicle-detection-0202/1652429551486823.png,vehicle-detection-0202/16524295511553674.png,1
vehicle-detection-0202/1652429589463685.png,vehicle-detection-0202/16524295891194448.png,1
vehicle-detection-0202/16524294039770203.png,vehicle-detection-0202/16524294036628048.png,1
XenseDataset_1_0/165150334318121.png,XenseDataset_1_0/1651503343539679.png,1
vehicle-detection-0202/1652429501598628.png,vehicle-detection-0202/16524295019502428.png,1
vehicle-detection-0202/16524295304072187.png,vehicle-detection-0202/16524295307358685.png,1
XenseDataset_1_0/1651501728740423.png,XenseDataset_1_0/16515017853214452.png,1
vehicle-detection-0202/16524294087524757.png,person-vehicle-bike-detection-2002/16523646578967347.png,1
vehicle-detection-0202/16524296025856266.png,vehicle-detection-0202/1652429602204511.png,1
vehicle-detection-0202/16524294238422458.png,vehicle-detection-0202/16524294235174866.png,1
XenseDataset_1_0/1651502783296853.png,XenseDataset_1_0/16515033366980338.png,1
person-vehicle-bike-detection-2002/16523648462094815.png,person-vehicle-bike-detection-2002/16523648466566417.png,1
vehicle-detection-0202/16524294105661063.png,vehicle-detection-0202/1652429410906246.png,1
vehicle-detection-0202/16524295149827485.png,vehicle-detection-0202/16524295146233187.png,1
XenseDataset_1_0/16515033697629619.png,XenseDataset_1_0/1651503369400198.png,1
vehicle-detection-0202/16524294766292315.png,vehicle-detection-0202/16524294769740953.png,1
vehicle-detection-0202/1652429555501458.png,vehicle-detection-0202/16524295554985068.png,1
vehicle-detection-0202/16524294193384755.png,person-vehicle-bike-detection-2002/1652364668927546.png,1
XenseDataset_1_0/1651503271551444.png,XenseDataset_1_0/16515032714300642.png,1
vehicle-detection-0202/16524295827806115.png,vehicle-detection-0202/16524295824349177.png,1
XenseDataset_1_0/1651502416147428.png,XenseDataset_1_0/16515017093567622.png,1
vehicle-detection-0202/16524295525294316.png,vehicle-detection-0202/16524295529606135.png,1
XenseDataset_1_0/1651501715274741.png,XenseDataset_1_0/16515024140885398.png,1
vehicle-detection-0202/1652429533026641.png,vehicle-detection-0202/16524295333827906.png,1
vehicle-detection-0202/1652429568590518.png,vehicle-detection-0202/16524295682334187.png,1
XenseDataset_1_0/1651503359565637.png,XenseDataset_1_0/1651503359808463.png,1
vehicle-detection-0202/16524295730150795.png,vehicle-detection-0202/16524295733712645.png,1
vehicle-detection-0202/16524294053597355.png,person-vehicle-bike-detection-2002/16523646540002964.png,1
vehicle-detection-0202/16524295418610651.png,vehicle-detection-0202/16524295414944406.png,1
vehicle-detection-0202/16524295440863414.png,vehicle-detection-0202/16524295444786255.png,1
XenseDataset_1_0/1651501798106059.png,XenseDataset_1_0/16515017093567622.png,1
vehicle-detection-0202/16524294019530458.png,person-vehicle-bike-detection-2002/16523646505901198.png,1
vehicle-detection-0202/16524294755187986.png,vehicle-detection-0202/16524294751876688.png,1
vehicle-detection-0202/16524295221833136.png,vehicle-detection-0202/16524295225591476.png,1
vehicle-detection-0202/16524294544875.png,vehicle-detection-0202/16524294548426847.png,1
XenseDataset_1_0/165150334675982.png,XenseDataset_1_0/1651503346519522.png,1
vehicle-detection-0202/16524294026342485.png,vehicle-detection-0202/16524294023109684.png,1
vehicle-detection-0202/16524294965764668.png,vehicle-detection-0202/16524294969199848.png,1
vehicle-detection-0202/16524295299869783.png,vehicle-detection-0202/16524295296408353.png,1
vehicle-detection-0202/16524294467985437.png,vehicle-detection-0202/16524294460988498.png,1
vehicle-detection-0202/16524295554809127.png,vehicle-detection-0202/1652429555851685.png,1
vehicle-detection-0202/1652429401630056.png,vehicle-detection-0202/16524294019317172.png,1
XenseDataset_1_0/1651501709492168.png,XenseDataset_1_0/1651502417086415.png,1
vehicle-detection-0202/16524294464279082.png,vehicle-detection-0202/16524294460962803.png,1
vehicle-detection-0202/16524294296152182.png,vehicle-detection-0202/1652429429954705.png,1
vehicle-detection-0202/1652429514987723.png,vehicle-detection-0202/16524295146233187.png,1
vehicle-detection-0202/1652429488523991.png,vehicle-detection-0202/1652429488111258.png,1
vehicle-detection-0202/16524295574416528.png,vehicle-detection-0202/16524295570640738.png,1
vehicle-detection-0202/16524294102257862.png,person-vehicle-bike-detection-2002/16523646593283157.png,1
XenseDataset_1_0/1651503346519522.png,XenseDataset_1_0/16515033468801868.png,1
vehicle-detection-0202/16524295334055932.png,vehicle-detection-0202/16524295337588053.png,1
XenseDataset_1_0/1651503353564217.png,XenseDataset_1_0/1651502783296853.png,1
vehicle-detection-0202/16524294154753103.png,person-vehicle-bike-detection-2002/1652364664938088.png,1
vehicle-detection-0202/16524295948844476.png,vehicle-detection-0202/16524295945282788.png,1
XenseDataset_1_0/1651501715274741.png,XenseDataset_1_0/16515017446478841.png,1
vehicle-detection-0202/16524294464517612.png,vehicle-detection-0202/16524294467985437.png,1
vehicle-detection-0202/1652429555851685.png,vehicle-detection-0202/16524295554809127.png,1
person-vehicle-bike-detection-2002/16523650745198305.png,person-vehicle-bike-detection-2002/16523650749338667.png,1
vehicle-detection-0202/16524295300051403.png,vehicle-detection-0202/16524295303661745.png,1
vehicle-detection-0202/16524295964002085.png,vehicle-detection-0202/16524295960697567.png,1
XenseDataset_1_0/1651502700228568.png,XenseDataset_1_0/16515033706033.png,1
person-vehicle-bike-detection-2002/165236484661617.png,person-vehicle-bike-detection-2002/16523648466566417.png,1
vehicle-detection-0202/16524295919267528.png,vehicle-detection-0202/16524295915952141.png,1
vehicle-detection-0202/16524294884632108.png,vehicle-detection-0202/1652429488119561.png,1
person-vehicle-bike-detection-2002/1652365103744282.png,person-vehicle-bike-detection-2002/16523651033798614.png,1
vehicle-detection-0202/16524294472385666.png,vehicle-detection-0202/16524294475993645.png,1
XenseDataset_1_0/1651501715274741.png,XenseDataset_1_0/1651502416306307.png,1
XenseDataset_1_0/1651501710795937.png,XenseDataset_1_0/1651502416147428.png,1
vehicle-detection-0202/16524294241827862.png,person-vehicle-bike-detection-2002/16523646739710178.png,1
XenseDataset_1_0/1651502700349343.png,XenseDataset_1_0/1651502700228568.png,1
vehicle-detection-0202/16524295440907059.png,vehicle-detection-0202/16524295444534729.png,1
person-vehicle-bike-detection-2002/1652365063249649.png,person-vehicle-bike-detection-2002/16523650635862124.png,1
vehicle-detection-0202/16524294901037693.png,vehicle-detection-0202/1652429490448334.png,1
person-vehicle-bike-detection-2002/16523648631804063.png,person-vehicle-bike-detection-2002/1652364863532796.png,1
vehicle-detection-0202/1652429589115165.png,vehicle-detection-0202/1652429589463685.png,1
XenseDataset_1_0/165150334318121.png,XenseDataset_1_0/165150334306033.png,1
vehicle-detection-0202/16524295628969378.png,vehicle-detection-0202/16524295625429258.png,1
vehicle-detection-0202/1652429472508813.png,vehicle-detection-0202/16524294728726406.png,1
XenseDataset_1_0/1651501715274741.png,XenseDataset_1_0/1651501718698386.png,1
vehicle-detection-0202/16524294252440972.png,vehicle-detection-0202/1652429425619532.png,1
vehicle-detection-0202/16524295650360522.png,vehicle-detection-0202/16524295653823273.png,1
vehicle-detection-0202/16524294928925922.png,vehicle-detection-0202/165242949256078.png,1
vehicle-detection-0202/1652429530379314.png,vehicle-detection-0202/16524295300023713.png,1
XenseDataset_1_0/1651501746477587.png,XenseDataset_1_0/165150177280807.png,1
vehicle-detection-0202/16524295485929308.png,vehicle-detection-0202/16524295482417817.png,1
vehicle-detection-0202/16524295075824032.png,vehicle-detection-0202/16524295079367087.png,1
vehicle-detection-0202/16524295700039148.png,vehicle-detection-0202/16524295703778522.png,1
XenseDataset_1_0/1651503343539679.png,XenseDataset_1_0/165150334318121.png,1
vehicle-detection-0202/16524295614877493.png,vehicle-detection-0202/16524295618410125.png,1
vehicle-detection-0202/1652429565743032.png,vehicle-detection-0202/16524295650360522.png,1
XenseDataset_1_0/165150177280807.png,XenseDataset_1_0/165150179901684.png,1
XenseDataset_1_0/16515032691675441.png,XenseDataset_1_0/16515032692867231.png,1
person-vehicle-bike-detection-2002/16523647538407707.png,person-vehicle-bike-detection-2002/16523647534914424.png,1
vehicle-detection-0202/165242954300901.png,vehicle-detection-0202/1652429543356241.png,1
person-vehicle-bike-detection-2002/1652365047944615.png,person-vehicle-bike-detection-2002/16523650475453331.png,1
vehicle-detection-0202/1652429543356241.png,vehicle-detection-0202/165242954300901.png,1
XenseDataset_1_0/1651503343539679.png,XenseDataset_1_0/165150334306033.png,1
vehicle-detection-0202/1652429450511023.png,vehicle-detection-0202/16524294501491032.png,1
vehicle-detection-0202/16524294095125434.png,vehicle-detection-0202/16524294098630214.png,1
XenseDataset_1_0/1651503359808463.png,XenseDataset_1_0/1651503359688247.png,1
XenseDataset_1_0/1651503336817996.png,XenseDataset_1_0/1651503347849149.png,1
XenseDataset_1_0/1651502700955542.png,XenseDataset_1_0/1651502700471004.png,1
vehicle-detection-0202/16524294615263376.png,vehicle-detection-0202/16524294612022672.png,1
vehicle-detection-0202/16524295754992852.png,vehicle-detection-0202/16524295751511307.png,1
XenseDataset_1_0/1651501769066886.png,XenseDataset_1_0/165150242156966.png,1
vehicle-detection-0202/16524294161600873.png,vehicle-detection-0202/16524294164963474.png,1
vehicle-detection-0202/1652429565743032.png,vehicle-detection-0202/16524295653823273.png,1
vehicle-detection-0202/165242958840899.png,vehicle-detection-0202/16524295887399993.png,1
XenseDataset_1_0/1651501798106059.png,XenseDataset_1_0/165150242156966.png,1
vehicle-detection-0202/16524295763657749.png,vehicle-detection-0202/16524295767391036.png,1
XenseDataset_1_0/1651503338872294.png,XenseDataset_1_0/1651503338994132.png,1
vehicle-detection-0202/16524295618410125.png,vehicle-detection-0202/16524295614877493.png,1
XenseDataset_1_0/16515032714300642.png,XenseDataset_1_0/16515032710699468.png,1
person-vehicle-bike-detection-2002/16523650285860062.png,person-vehicle-bike-detection-2002/16523650289378507.png,1
vehicle-detection-0202/1652429547545425.png,vehicle-detection-0202/16524295478944294.png,1
XenseDataset_1_0/1651502700471004.png,XenseDataset_1_0/1651502700227543.png,1
XenseDataset_1_0/1651503341143927.png,XenseDataset_1_0/1651503341262936.png,1
vehicle-detection-0202/16524295275310476.png,vehicle-detection-0202/16524295271957977.png,1
vehicle-detection-0202/16524295436918483.png,vehicle-detection-0202/1652429543361592.png,1
person-vehicle-bike-detection-2002/16523647231706967.png,person-vehicle-bike-detection-2002/1652364723587212.png,1
vehicle-detection-0202/16524295471562786.png,vehicle-detection-0202/16524295475184093.png,1
vehicle-detection-0202/1652429602202836.png,vehicle-detection-0202/1652429602204511.png,1
person-vehicle-bike-detection-2002/16523649905200489.png,person-vehicle-bike-detection-2002/16523649901785157.png,1
vehicle-detection-0202/16524295440808318.png,vehicle-detection-0202/16524295444605207.png,1
XenseDataset_1_0/16515033714417012.png,XenseDataset_1_0/1651503371795747.png,1
vehicle-detection-0202/16524294699997363.png,vehicle-detection-0202/1652429469651644.png,1
vehicle-detection-0202/16524295033865223.png,vehicle-detection-0202/16524295030359871.png,1
vehicle-detection-0202/16524295944957347.png,vehicle-detection-0202/16524295941355705.png,1
vehicle-detection-0202/16524295934513965.png,vehicle-detection-0202/16524295937993836.png,1
XenseDataset_1_0/165150334306033.png,XenseDataset_1_0/165150334318121.png,1
XenseDataset_1_0/16515024140885398.png,XenseDataset_1_0/1651501718698386.png,1
vehicle-detection-0202/16524295303609004.png,vehicle-detection-0202/16524295300073643.png,1
vehicle-detection-0202/16524295314929454.png,vehicle-detection-0202/16524295311251724.png,1
vehicle-detection-0202/1652429562212611.png,vehicle-detection-0202/16524295625388055.png,1
vehicle-detection-0202/16524295967994034.png,vehicle-detection-0202/1652429596412844.png,1
XenseDataset_1_0/1651503336817996.png,XenseDataset_1_0/1651502700228568.png,1
XenseDataset_1_0/1651503346519522.png,XenseDataset_1_0/165150334675982.png,1
person-vehicle-bike-detection-2002/16523648844923277.png,person-vehicle-bike-detection-2002/165236488463118.png,1
person-vehicle-bike-detection-2002/16523647170663352.png,person-vehicle-bike-detection-2002/16523647174549103.png,1
person-vehicle-bike-detection-2002/16523651029502242.png,person-vehicle-bike-detection-2002/16523651025220747.png,1
vehicle-detection-0202/16524296032839887.png,vehicle-detection-0202/16524296036265428.png,1
vehicle-detection-0202/16524294460962803.png,vehicle-detection-0202/16524294464279082.png,1
vehicle-detection-0202/1652429515742783.png,vehicle-detection-0202/16524295153647358.png,1
XenseDataset_1_0/1651503341143927.png,XenseDataset_1_0/1651503341501912.png,1
vehicle-detection-0202/16524294460988498.png,vehicle-detection-0202/16524294464517612.png,1
vehicle-detection-0202/16524295146233187.png,vehicle-detection-0202/1652429514987723.png,1
vehicle-detection-0202/16524294748207068.png,vehicle-detection-0202/16524294744554508.png,1
vehicle-detection-0202/16524294090848415.png,person-vehicle-bike-detection-2002/16523646586210084.png,1
vehicle-detection-0202/16524294436125517.png,vehicle-detection-0202/16524294439623218.png,1
vehicle-detection-0202/1652429572933155.png,vehicle-detection-0202/16524295722022357.png,1
XenseDataset_1_0/1651503359688247.png,XenseDataset_1_0/1651503359565637.png,1
XenseDataset_1_0/1651503353443446.png,XenseDataset_1_0/1651503353564217.png,1
vehicle-detection-0202/16524294411318781.png,vehicle-detection-0202/16524294415083542.png,1
vehicle-detection-0202/16524296036265428.png,vehicle-detection-0202/16524296039682221.png,1
vehicle-detection-0202/16524294172307005.png,vehicle-detection-0202/16524294175878148.png,1
XenseDataset_1_0/1651503338872294.png,XenseDataset_1_0/1651503338751405.png,1
XenseDataset_1_0/1651502416306307.png,XenseDataset_1_0/1651501718698386.png,1
person-vehicle-bike-detection-2002/16523648466566417.png,person-vehicle-bike-detection-2002/16523648462094815.png,1
XenseDataset_1_0/165150242156966.png,XenseDataset_1_0/1651502416147428.png,1
XenseDataset_1_0/16515024172416909.png,XenseDataset_1_0/16515017241883361.png,1
XenseDataset_1_0/1651501717005232.png,XenseDataset_1_0/1651501746477587.png,1
vehicle-detection-0202/1652429481653499.png,vehicle-detection-0202/16524294819916775.png,1
vehicle-detection-0202/16524295444534729.png,vehicle-detection-0202/16524295440907059.png,1
XenseDataset_1_0/1651503359808463.png,XenseDataset_1_0/1651503359565637.png,1
XenseDataset_1_0/16515033366980338.png,XenseDataset_1_0/1651503347849149.png,1
vehicle-detection-0202/16524295422592041.png,vehicle-detection-0202/16524295425938737.png,1
vehicle-detection-0202/16524295653823273.png,vehicle-detection-0202/16524295650360522.png,1
vehicle-detection-0202/16524294561806362.png,vehicle-detection-0202/16524294565437284.png,1
vehicle-detection-0202/16524294816331556.png,vehicle-detection-0202/16524294812631345.png,1
XenseDataset_1_0/1651502700349343.png,XenseDataset_1_0/1651503353443446.png,1
XenseDataset_1_0/1651503343539679.png,XenseDataset_1_0/1651503343419019.png,1
vehicle-detection-0202/16524294313295429.png,vehicle-detection-0202/1652429431682324.png,1
vehicle-detection-0202/165242956326547.png,vehicle-detection-0202/1652429563606148.png,1
vehicle-detection-0202/16524294158113813.png,person-vehicle-bike-detection-2002/1652364664938088.png,1
XenseDataset_1_0/1651503342464041.png,XenseDataset_1_0/1651502700228568.png,1
vehicle-detection-0202/1652429488530054.png,vehicle-detection-0202/16524294888864787.png,1
vehicle-detection-0202/16524294196700234.png,vehicle-detection-0202/16524294193302736.png,1
vehicle-detection-0202/16524295493067045.png,vehicle-detection-0202/16524295497122371.png,1
vehicle-detection-0202/1652429447181245.png,person-vehicle-bike-detection-2002/16523646965727153.png,1
vehicle-detection-0202/16524295894895468.png,vehicle-detection-0202/16524295898210013.png,1
XenseDataset_1_0/16515032713099258.png,XenseDataset_1_0/16515032714300642.png,1
vehicle-detection-0202/1652429555501458.png,vehicle-detection-0202/16524295558277307.png,1
vehicle-detection-0202/1652429436812893.png,person-vehicle-bike-detection-2002/16523646858014667.png,1
vehicle-detection-0202/16524294296137815.png,vehicle-detection-0202/16524294299620392.png,1
vehicle-detection-0202/1652429427779821.png,vehicle-detection-0202/16524294274416182.png,1
